{
    "acc": [
        0.502, 
        0.64800000000000002, 
        0.68200000000000005, 
        0.73899999999999999, 
        0.75700000000000001, 
        0.77700000000000002, 
        0.81999999999999995, 
        0.82399999999999995, 
        0.83799999999999997, 
        0.85999999999999999, 
        0.89100000000000001, 
        0.878, 
        0.89200000000000002, 
        0.88700000000000001, 
        0.92400000000000004, 
        0.93799999999999994, 
        0.94199999999999995, 
        0.95499999999999996, 
        0.97299999999999998, 
        0.97499999999999998
    ], 
    "fmeasure": [
        0.44199992096424101, 
        0.57099989789724348, 
        0.62299988859891886, 
        0.69299987608194347, 
        0.72399987053871151, 
        0.75099986571073529, 
        0.79399985802173612, 
        0.8059998558759689, 
        0.82499985247850416, 
        0.83799985015392309, 
        0.87699984318017965, 
        0.86299984568357468, 
        0.88499984174966817, 
        0.87199984407424924, 
        0.91499983638525006, 
        0.92999983370304107, 
        0.93599983263015751, 
        0.95099982994794841, 
        0.97099982637166982, 
        0.97199982619285585
    ], 
    "loss": [
        1.112496207543183, 
        0.8372448024121113, 
        0.74791356281272603, 
        0.64604564597815628, 
        0.58849594068701849, 
        0.51046482248003666, 
        0.47214904172535077, 
        0.43789420183944822, 
        0.39963496618244426, 
        0.38592371001970244, 
        0.29814411121655393, 
        0.32506381432856735, 
        0.2964281051954083, 
        0.28751019585664833, 
        0.20232974842627255, 
        0.17891825705713699, 
        0.14445566994279585, 
        0.11957465069523085, 
        0.10923311482443052, 
        0.097534516819388212
    ], 
    "precision": [
        0.44199994730949405, 
        0.57099993193149567, 
        0.62299992573261265, 
        0.69299991738796229, 
        0.72399991369247441, 
        0.75099991047382353, 
        0.79399990534782405, 
        0.80599990391731258, 
        0.82499990165233617, 
        0.83799990010261538, 
        0.87699989545345303, 
        0.86299989712238312, 
        0.88499989449977878, 
        0.87199989604949946, 
        0.91499989092350009, 
        0.92999988913536069, 
        0.93599988842010495, 
        0.95099988663196566, 
        0.97099988424777983, 
        0.97199988412857052
    ], 
    "recall": [
        0.44199994730949405, 
        0.57099993193149567, 
        0.62299992573261265, 
        0.69299991738796229, 
        0.72399991369247441, 
        0.75099991047382353, 
        0.79399990534782405, 
        0.80599990391731258, 
        0.82499990165233617, 
        0.83799990010261538, 
        0.87699989545345303, 
        0.86299989712238312, 
        0.88499989449977878, 
        0.87199989604949946, 
        0.91499989092350009, 
        0.92999988913536069, 
        0.93599988842010495, 
        0.95099988663196566, 
        0.97099988424777983, 
        0.97199988412857052
    ]
}